id, timein, timeout
2524,2016-12-02 15:08:38.190429,2016-12-02 16:58:37.964479
7369,2016-12-02 15:08:52.476257, 
1269,2016-12-02 15:09:01.085475, 
9824,2016-12-02 15:09:39.458386,2016-12-02 16:50:46.999678
2395,2016-12-02 15:09:42.292821,2016-12-02 17:03:46.605416
0246,2016-12-02 15:09:43.992954,2016-12-02 17:04:41.426893
7196,2016-12-02 15:09:47.688921,2016-12-02 17:03:51.007993
6099,2016-12-02 15:09:57.616626,2016-12-02 16:18:38.911517
3974,2016-12-02 15:12:16.552924,2016-12-02 18:01:52.874228
4857,2016-12-02 15:24:05.937095, 
0644,2016-12-02 16:42:36.678616,2016-12-02 16:44:56.249334
2395,2016-12-05 15:07:59.166023,2016-12-05 17:01:45.437061
7196,2016-12-05 15:08:04.000533,2016-12-05 17:02:00.106530
0246,2016-12-05 15:08:13.125765,2016-12-05 17:02:07.395507
9002,2016-12-05 15:08:55.277253,2016-12-05 17:05:34.734097
9333,2016-12-05 15:13:52.625079,2016-12-05 17:02:18.689015
0644,2016-12-05 15:22:33.488910,2016-12-05 16:07:30.403829
1604,2016-12-05 15:24:54.289043,2016-12-05 16:25:14.120834
7530,2016-12-05 15:25:47.789946,2016-12-05 16:24:22.748045
0420,2016-12-05 15:25:52.223960,2016-12-05 16:24:31.845272
2618,2016-12-05 15:25:56.529074,2016-12-05 16:24:28.158949
2524,2016-12-05 16:10:17.097382,2016-12-05 16:58:20.130803
,2016-12-06 06:35:10.384228, 
6007,2016-12-06 08:23:57.704689,2016-12-06 08:25:36.273329
01,2016-12-06 11:20:07.602626, 
7760,2016-12-06 12:15:42.526607, 
4063,2016-12-06 16:58:50.544543, 
3289,2016-12-06 17:23:05.005142, 
0692,2016-12-06 19:18:10.856219, 
9388,2016-12-07 08:04:34.469496,2016-12-07 08:06:39.899154
7081,2016-12-07 14:17:38.603450, 
4220,2016-12-07 14:17:46.302550,2016-12-07 17:36:16.958418
0401,2016-12-07 14:18:17.204510, 
7369,2016-12-07 15:47:31.190577, 
2395,2016-12-07 15:47:35.315253,2016-12-07 17:25:31.368295
8675,2016-12-07 15:52:49.763586,2016-12-07 17:36:07.025043
6099,2016-12-07 16:29:57.665664,2016-12-07 16:30:02.215763
,2016-12-07 16:58:28.631444, 
7,2016-12-07 19:23:09.296817, 
5,2016-12-07 21:02:20.646415, 
849,2016-12-08 02:01:46.420801,2016-12-08 02:05:28.281242
849,2016-12-08 02:06:08.048348, 
992,2016-12-08 02:50:06.218044, 
14,2016-12-08 06:29:36.133247, 
,2016-12-08 08:31:50.249733,2016-12-08 08:32:33.702007
,2016-12-08 08:35:12.141639,2016-12-08 08:35:28.099728
,2016-12-08 08:35:48.756415,2016-12-08 08:36:05.860701
,2016-12-08 08:36:59.419528,2016-12-08 08:37:14.471462
,2016-12-08 08:37:34.095872,2016-12-08 08:37:38.838893
,2016-12-08 08:37:44.523337,2016-12-08 08:37:49.816038
,2016-12-08 08:37:54.042498,2016-12-08 08:38:08.970348
,2016-12-08 08:39:05.609613,2016-12-08 08:39:20.861515
,2016-12-08 08:39:40.216184,2016-12-08 08:39:47.284879
,2016-12-08 08:40:07.821508,2016-12-08 08:40:12.398166
,2016-12-08 08:40:30.933356,2016-12-08 08:40:52.537186
,2016-12-08 08:41:10.111558,2016-12-08 08:41:15.213400
,2016-12-08 08:41:21.254808,2016-12-08 08:41:35.314674
,2016-12-08 08:41:49.456582,2016-12-08 08:42:04.114352
,2016-12-08 08:42:13.309656,2016-12-08 08:42:17.502166
,2016-12-08 08:42:21.646541,2016-12-08 08:42:49.930546
,2016-12-08 08:42:57.909802,2016-12-08 08:43:26.226821
,2016-12-08 08:43:50.600506, 
8917,2016-12-08 10:41:22.795141, 
2301,2016-12-08 18:58:33.593428,2016-12-08 18:59:21.663693
2301,2016-12-08 18:59:26.016264,2016-12-08 18:59:35.977474
2301,2016-12-08 18:59:43.450511,2016-12-08 18:59:55.980090
2301,2016-12-08 19:00:06.895487,2016-12-08 19:00:50.465135
,2016-12-09 08:56:36.833023, 
9738,2016-12-09 14:34:20.883652, 
9002,2016-12-09 15:02:23.216170, 
7081,2016-12-09 15:04:01.772775,2016-12-09 17:26:52.850867
9824,2016-12-09 15:18:57.312044, 
7369,2016-12-09 15:19:00.900513, 
3974,2016-12-09 15:19:17.976605, 
3276,2016-12-09 15:31:55.335946,2016-12-09 16:59:31.047486
6099,2016-12-09 15:32:03.629078,2016-12-09 16:58:53.906810
4220,2016-12-09 16:58:34.792391,2016-12-09 16:58:51.351826
7643,2016-12-09 16:59:59.689182, 
0,2016-12-09 17:21:55.868948, 
587,2016-12-09 18:11:18.655220, 
8246,2016-12-09 19:47:02.637239, 
9,2016-12-09 20:41:47.934473, 
6448,2016-12-09 21:03:27.629688, 
9,2016-12-10 01:59:59.975654,2016-12-10 02:00:45.785525
1843,2016-12-10 02:29:00.501603, 
,2016-12-10 05:14:28.702737,2016-12-10 05:15:09.890008
,2016-12-10 05:15:18.605069,2016-12-10 05:15:57.772080
,2016-12-10 05:16:23.441667,2016-12-10 21:51:23.941858
6937,2016-12-10 15:05:46.013714, 
2681,2016-12-10 19:18:03.056484, 
281,2016-12-10 19:18:07.441115, 
7591,2016-12-10 20:50:39.456035, 
,2016-12-10 21:51:35.575933,2016-12-10 21:51:51.343275
,2016-12-10 21:52:59.449034,2016-12-10 21:53:17.896427
,2016-12-10 21:54:14.271691,2016-12-10 21:54:31.652536
,2016-12-10 21:55:06.646460,2016-12-10 21:55:54.502633
,2016-12-10 21:56:01.747830,2016-12-10 21:56:05.819105
,2016-12-10 21:57:51.472036,2016-12-10 21:57:57.660500
,2016-12-10 21:58:45.510777, 
7770,2016-12-11 00:37:53.039102, 
372,2016-12-11 02:28:44.447821, 
0,2016-12-11 04:25:15.677342, 
8,2016-12-12 00:37:36.560839,2016-12-12 00:39:11.865217
8635,2016-12-12 01:55:40.624062, 
,2016-12-12 02:31:37.341917,2016-12-12 04:06:18.874194
,2016-12-12 04:09:42.884789,2016-12-12 19:36:12.732358
3458,2016-12-12 05:02:18.543024, 
7081,2016-12-12 15:02:46.578266, 
0644,2016-12-12 15:09:22.951327,2016-12-12 16:56:34.187892
7369,2016-12-12 15:09:36.998956, 
2395,2016-12-12 15:10:05.796055,2016-12-12 17:00:48.911823
0420,2016-12-12 15:10:11.623366, 
3624,2016-12-12 15:10:16.191871,2016-12-12 16:48:55.003530
0246,2016-12-12 15:10:17.692103,2016-12-12 17:00:43.530190
7719,2016-12-12 15:10:28.519457, 
3350,2016-12-12 15:10:59.215419,2016-12-12 16:49:14.027796
6099,2016-12-12 15:11:01.221698,2016-12-12 16:19:35.999244
8144,2016-12-12 15:11:03.087984, 
9645,2016-12-12 15:11:35.086241,2016-12-12 16:49:06.779529
3276,2016-12-12 15:26:18.542307,2016-12-12 17:01:11.104689
9815,2016-12-12 15:34:49.670959, 
1269,2016-12-12 15:35:27.951875, 
6679,2016-12-12 16:47:04.634091, 
7196,2016-12-12 17:00:52.865250, 
7014,2016-12-12 20:50:09.926588, 
3943,2016-12-13 04:05:41.574261, 
916,2016-12-14 03:00:29.879705, 
87,2016-12-14 08:22:40.575151,2016-12-14 08:22:52.327960
87,2016-12-14 08:23:54.358675,2016-12-14 08:24:49.083724
87,2016-12-14 08:26:01.293019,2016-12-14 08:26:16.723111
87,2016-12-14 08:26:25.798207,2016-12-14 08:26:37.925829
87,2016-12-14 08:26:50.251405,2016-12-14 08:27:54.937666
87,2016-12-14 08:29:28.681869,2016-12-14 08:29:52.658870
87,2016-12-14 08:30:26.257397,2016-12-14 08:33:27.112517
0644,2016-12-14 15:12:07.818225,2016-12-14 17:19:06.898550
2395,2016-12-14 15:12:36.297916,2016-12-14 17:26:16.694197
0246,2016-12-14 15:12:37.916165,2016-12-14 17:27:19.450364
7196,2016-12-14 15:12:45.197121,2016-12-14 17:28:07.674482
2618,2016-12-14 15:13:02.161392, 
6467,2016-12-14 15:13:23.073952,2016-12-14 17:27:26.425277
8544,2016-12-14 15:13:31.207087, 
3974,2016-12-14 15:13:58.954712,2016-12-14 17:42:12.092922
2524,2016-12-14 15:15:41.943962,2016-12-14 17:05:48.058620
7081,2016-12-14 15:16:01.864585,2016-12-14 19:09:08.333936
9824,2016-12-14 15:16:09.111500,2016-12-14 17:40:32.820301
6099,2016-12-14 15:16:35.844956,2016-12-14 16:05:19.877613
2297,2016-12-14 15:18:34.526498,2016-12-14 16:46:49.986549
6679,2016-12-14 15:18:51.482625, 
8554,2016-12-15 01:07:12.985716,2016-12-15 01:23:34.289529
8554,2016-12-15 01:46:02.168534, 
3980,2016-12-15 07:33:38.145472, 
6636,2016-12-15 12:32:45.501835, 
0288,2016-12-15 19:43:20.096174, 
8621,2016-12-15 20:08:03.722360, 
0658,2016-12-16 02:42:20.434763, 
5874,2016-12-16 10:23:50.735748,2016-12-16 10:28:49.860263
5874,2016-12-16 10:36:51.500134, 
7081,2016-12-16 13:29:08.150541,2016-12-16 13:29:20.512721
2395,2016-12-16 15:05:34.030908,2016-12-16 17:03:55.740011
0246,2016-12-16 15:05:35.935217,2016-12-16 17:03:42.182276
6099,2016-12-16 15:13:05.110883,2016-12-16 16:47:30.446886
9824,2016-12-16 15:42:04.381586, 
0401,2016-12-16 16:29:07.569243, 
0401,2016-12-16 16:29:19.214781, 
9002,2017-01-04 15:10:14.886379, 
8544,2017-01-04 15:10:19.556969, 
3974,2017-01-04 15:10:33.300670,2017-01-04 16:57:08.198122
4857,2017-01-04 15:10:39.143435, 
6679,2017-01-04 15:10:46.755480, 
0644,2017-01-04 15:10:54.749469,2017-01-04 17:05:23.396876
6099,2017-01-04 15:10:57.225897,2017-01-04 16:25:18.777749
2297,2017-01-04 15:11:10.366578, 
9949,2017-01-04 15:11:20.896852,2017-01-04 16:43:00.739624
2395,2017-01-04 15:13:11.016705, 
9824,2017-01-04 15:14:22.811991, 
3276,2017-01-04 15:14:47.009126, 
1269,2017-01-04 16:42:38.682076, 
8311,2017-01-06 13:28:45.201531,2017-01-06 13:41:56.883727
8311,2017-01-06 14:57:47.748438,2017-01-06 16:58:37.608185
1269,2017-01-06 15:30:10.460448,2017-01-06 16:57:20.964326
2618,2017-01-06 15:32:56.400047,2017-01-06 16:33:37.154623
9824,2017-01-06 15:38:52.173299, 
3893,2017-01-06 15:49:15.863008, 
3600,2017-01-06 16:01:47.511727, 
4333,2017-01-06 16:23:02.188922,2017-01-06 16:33:35.434336
8361,2017-01-06 19:22:52.180655, 
7081,2017-01-07 06:41:17.610080,2017-01-07 15:27:03.073715
2047,2017-01-07 06:50:50.191649,2017-01-07 13:46:59.202241
3350,2017-01-07 06:51:48.223087, 
8544,2017-01-07 06:57:27.968675,2017-01-07 16:42:26.534424
9815,2017-01-07 06:58:05.871548,2017-01-07 13:51:06.634236
0246,2017-01-07 06:59:30.358371,2017-01-07 14:06:26.849028
1269,2017-01-07 06:59:34.807037,2017-01-07 15:25:05.384617
4857,2017-01-07 06:59:42.777975,2017-01-07 16:42:09.024186
4114,2017-01-07 06:59:44.538198,2017-01-07 16:42:00.825112
1198,2017-01-07 06:59:47.174604,2017-01-07 12:49:24.671614
8314,2017-01-07 07:00:06.995062,2017-01-07 13:56:37.942991
3600,2017-01-07 07:01:24.927086,2017-01-07 07:03:20.057867
3600,2017-01-07 07:03:24.668445, 
6679,2017-01-07 07:05:19.423244,2017-01-07 13:11:44.173803
9102,2017-01-07 07:06:59.632026,2017-01-07 15:28:37.713819
1344,2017-01-07 07:07:36.536783,2017-01-07 12:44:37.000700
8223,2017-01-07 07:14:36.858726,2017-01-07 16:42:33.309241
0644,2017-01-07 07:15:10.415098,2017-01-07 14:42:09.876381
8144,2017-01-07 07:15:17.912452,2017-01-07 13:53:50.827385
9824,2017-01-07 07:17:19.085630,2017-01-07 15:02:00.279055
6171,2017-01-07 07:17:53.735994, 
5985,2017-01-07 07:17:56.888352,2017-01-07 14:20:04.189995
2395,2017-01-07 07:24:22.061768,2017-01-07 14:06:20.888247
3974,2017-01-07 07:28:07.342656,2017-01-07 14:20:23.684530
8313,2017-01-07 07:28:19.570251,2017-01-07 13:55:31.782471
3276,2017-01-07 07:31:14.094418, 
6099,2017-01-07 07:32:36.385018,2017-01-07 15:33:26.456878
8675,2017-01-07 07:33:26.914464,2017-01-07 13:19:40.247369
6502,2017-01-07 07:33:55.201023,2017-01-07 14:02:03.254985
9259,2017-01-07 07:34:53.026550, 
1635,2017-01-07 07:34:56.212815,2017-01-07 13:55:24.937533
9333,2017-01-07 09:08:50.524104,2017-01-07 13:56:47.069909
8311,2017-01-07 09:15:52.934131,2017-01-07 16:42:34.953063
3274,2017-01-07 09:30:27.885917,2017-01-07 13:26:46.473911
1198,2017-01-07 13:07:42.096645,2017-01-07 13:40:58.165731
9333,2017-01-07 13:56:25.575328, 
1269,2017-01-07 15:25:20.702577, 
5757,2017-01-07 16:29:59.922550, 
8544,2017-01-07 16:42:45.030850,2017-01-07 16:42:48.867379
0401,2017-01-07 16:42:50.369493,2017-01-07 16:42:56.360348
4551,2017-01-08 01:06:05.798962, 
4857,2017-01-08 10:04:36.429214,2017-01-08 16:59:31.636615
8223,2017-01-08 10:04:43.916112,2017-01-08 19:03:59.091641
3276,2017-01-08 10:05:07.765131,2017-01-08 18:59:04.404583
2395,2017-01-08 12:39:00.461936,2017-01-08 18:59:50.770615
9333,2017-01-08 13:01:42.706878,2017-01-08 18:58:50.176075
6679,2017-01-08 13:02:04.395758,2017-01-08 18:45:12.515640
3350,2017-01-08 13:02:06.033480,2017-01-08 18:55:33.219512
7196,2017-01-08 13:02:51.077423,2017-01-08 19:00:01.245071
3624,2017-01-08 13:03:19.883779,2017-01-08 18:47:06.348249
6099,2017-01-08 13:05:29.173982,2017-01-08 18:14:31.938910
0246,2017-01-08 13:05:38.757299,2017-01-08 18:58:54.859402
8144,2017-01-08 13:08:07.815941,2017-01-08 18:59:10.551347
9815,2017-01-08 13:09:42.264610,2017-01-08 18:58:01.100589
0644,2017-01-08 13:12:04.357153,2017-01-08 17:57:26.725033
0420,2017-01-08 13:12:17.302446, 
8544,2017-01-08 13:13:41.869341,2017-01-08 18:58:43.848141
1635,2017-01-08 13:16:50.471654,2017-01-08 18:50:33.068823
8314,2017-01-08 13:28:35.854221,2017-01-08 18:59:58.461666
8675,2017-01-08 13:29:17.622665,2017-01-08 19:03:53.353778
9102,2017-01-08 13:30:36.007639,2017-01-08 19:00:37.368586
4114,2017-01-08 13:41:00.461827,2017-01-08 16:59:13.984205
9824,2017-01-08 13:58:41.578275,2017-01-08 19:03:14.516796
8311,2017-01-08 14:12:55.923927,2017-01-08 18:19:24.988532
6502,2017-01-08 14:15:50.650346,2017-01-08 18:58:58.121812
6171,2017-01-08 14:52:17.161201,2017-01-08 16:06:35.352987
4333,2017-01-08 15:35:20.563666,2017-01-08 18:50:50.365882
1269,2017-01-08 16:51:05.705139,2017-01-08 19:04:19.737298
7081,2017-01-08 19:04:00.488740,2017-01-08 19:04:05.101419
5616,2017-01-09 07:30:42.082709, 
7613,2017-01-09 12:33:09.562837, 
5277,2017-01-09 12:37:04.589132, 
7081,2017-01-09 14:05:50.492448,2017-01-09 18:45:26.252098
4857,2017-01-09 14:06:04.124180,2017-01-09 18:45:21.678944
8311,2017-01-09 14:13:31.826890, 
1269,2017-01-09 15:05:28.781003,2017-01-09 15:06:36.591019
2524,2017-01-09 15:05:30.796615,2017-01-09 16:58:23.529047
5954,2017-01-09 15:05:31.971341,2017-01-09 15:44:39.945486
3350,2017-01-09 15:05:35.253218,2017-01-09 16:53:45.715814
3624,2017-01-09 15:05:39.055665,2017-01-09 17:02:41.309913
7369,2017-01-09 15:05:43.940259, 
9002,2017-01-09 15:05:44.842848,2017-01-09 18:14:58.368525
9333,2017-01-09 15:05:53.903678,2017-01-09 17:05:11.835486
2395,2017-01-09 15:06:02.110648,2017-01-09 17:48:50.540784
6099,2017-01-09 15:06:04.032948,2017-01-09 16:20:31.253945
0246,2017-01-09 15:06:06.429323,2017-01-09 17:49:03.106560
6679,2017-01-09 15:06:10.501677,2017-01-09 17:06:29.677130
6171,2017-01-09 15:06:12.924013,2017-01-09 17:05:14.593602
2974,2017-01-09 15:06:18.896374,2017-01-09 16:51:36.735215
2047,2017-01-09 15:06:23.452443, 
9102,2017-01-09 15:06:24.747144, 
1269,2017-01-09 15:06:39.701457,2017-01-09 18:14:01.010650
7196,2017-01-09 15:06:43.953968,2017-01-09 17:28:32.978632
3276,2017-01-09 15:06:46.270485, 
1198,2017-01-09 15:06:48.340777,2017-01-09 16:14:17.052477
8314,2017-01-09 15:07:06.023025,2017-01-09 18:14:11.140347
1635,2017-01-09 15:07:12.049843,2017-01-09 17:19:31.861303
8144,2017-01-09 15:07:37.801414,2017-01-09 18:01:35.149104
7530,2017-01-09 15:07:47.972257,2017-01-09 16:16:53.412316
3612,2017-01-09 15:07:52.736816,2017-01-09 16:22:08.126310
2618,2017-01-09 15:08:02.466170,2017-01-09 16:27:33.677616
1602,2017-01-09 15:08:22.170556,2017-01-09 15:53:53.867555
9259,2017-01-09 15:08:31.283695,2017-01-09 16:43:19.453416
3600,2017-01-09 15:09:01.625471, 
2184,2017-01-09 15:11:02.846602,2017-01-09 16:44:53.343852
4333,2017-01-09 15:12:53.305993, 
9645,2017-01-09 15:13:36.691803, 
4114,2017-01-09 15:15:14.023963,2017-01-09 17:30:26.705182
9824,2017-01-09 15:15:58.463597,2017-01-09 18:13:59.340834
8223,2017-01-09 15:16:11.123160,2017-01-09 18:45:28.834453
4333,2017-01-09 15:16:48.567848,2017-01-09 17:23:43.271511
2607,2017-01-09 15:19:08.663264,2017-01-09 15:19:18.000003
2607,2017-01-09 15:19:23.685228,2017-01-09 16:21:18.293420
3611,2017-01-09 15:19:32.048305,2017-01-09 16:21:36.961346
6502,2017-01-09 15:20:37.536438,2017-01-09 18:03:01.517374
3974,2017-01-09 15:26:56.896006,2017-01-09 15:36:55.859164
1604,2017-01-09 15:39:20.180806,2017-01-09 15:53:55.479769
3699,2017-01-09 15:52:31.089002,2017-01-09 15:52:50.281418
1344,2017-01-09 15:53:25.073836, 
3699,2017-01-09 15:53:48.058738, 
2607,2017-01-09 16:21:28.523183,2017-01-09 16:21:33.039871
0420,2017-01-09 16:57:50.696942,2017-01-09 16:57:52.951447
4857,2017-01-10 13:30:43.445189, 
7081,2017-01-10 13:53:09.212624, 
8311,2017-01-10 14:56:58.379651, 
3350,2017-01-10 15:07:06.281892,2017-01-10 17:18:44.578065
8223,2017-01-10 15:07:07.662172, 
0644,2017-01-10 15:07:10.860533,2017-01-10 17:13:44.699744
9333,2017-01-10 15:07:12.966875,2017-01-10 17:18:01.594529
2395,2017-01-10 15:07:18.419597,2017-01-10 17:33:59.981357
0246,2017-01-10 15:07:21.783465,2017-01-10 17:33:42.759122
4114,2017-01-10 15:07:23.718118,2017-01-10 16:59:04.188636
6099,2017-01-10 15:07:26.118532,2017-01-10 16:53:33.361778
7196,2017-01-10 15:07:33.349374,2017-01-10 17:34:05.407147
8314,2017-01-10 15:08:44.208471,2017-01-10 17:45:45.537875
9824,2017-01-10 15:08:55.016007,2017-01-10 18:21:06.710950
9815,2017-01-10 15:09:25.821859,2017-01-10 17:38:36.108784
8144,2017-01-10 15:09:48.126720,2017-01-10 17:35:05.839748
1269,2017-01-10 15:10:37.385023,2017-01-10 19:34:20.593438
9102,2017-01-10 15:45:06.104904,2017-01-10 17:38:19.854178
8675,2017-01-10 15:49:26.388344,2017-01-10 17:21:54.184396
1344,2017-01-10 16:04:44.632468,2017-01-10 16:04:51.767189
1344,2017-01-10 16:04:59.508276,2017-01-10 16:56:57.094283
6502,2017-01-10 16:05:13.559980,2017-01-10 17:23:15.476785
1269,2017-01-10 19:34:23.486521, 
7081,2017-01-11 13:35:30.121939, 
8311,2017-01-11 13:35:40.905370,2017-01-11 18:04:52.430984
4857,2017-01-11 14:37:50.668071,2017-01-11 18:04:56.691536
0644,2017-01-11 15:03:02.317481,2017-01-11 17:37:23.412031
6099,2017-01-11 15:03:23.176624,2017-01-11 16:33:40.249627
7196,2017-01-11 15:03:34.019590,2017-01-11 17:37:03.711489
1635,2017-01-11 15:03:42.688677,2017-01-11 17:19:15.207129
2974,2017-01-11 15:03:44.695062, 
0321,2017-01-11 15:04:06.601792, 
6679,2017-01-11 15:04:13.957334,2017-01-11 17:15:54.495474
8223,2017-01-11 15:04:39.880185,2017-01-11 18:06:57.366995
4114,2017-01-11 15:05:08.627837, 
3350,2017-01-11 15:05:11.836288,2017-01-11 18:08:30.728970
9645,2017-01-11 15:05:14.253504,2017-01-11 17:36:35.739947
8314,2017-01-11 15:05:22.609645,2017-01-11 18:02:46.657015
1344,2017-01-11 15:05:54.233734,2017-01-11 17:10:18.570607
9102,2017-01-11 15:05:57.548223,2017-01-11 17:24:42.320941
8144,2017-01-11 15:06:04.461326,2017-01-11 17:36:39.077636
3600,2017-01-11 15:06:17.274706, 
4333,2017-01-11 15:06:28.072113,2017-01-11 17:29:22.010017
2399,2017-01-11 15:06:35.747101,2017-01-11 15:32:49.478641
3276,2017-01-11 15:06:50.108963,2017-01-11 15:51:48.801361
2618,2017-01-11 15:06:58.109990,2017-01-11 15:53:38.581358
3974,2017-01-11 15:07:05.345011,2017-01-11 18:19:49.329022
9824,2017-01-11 15:08:06.748861,2017-01-11 17:59:21.846193
1198,2017-01-11 15:10:55.574700,2017-01-11 15:32:57.133645
2399,2017-01-11 15:32:52.842955,2017-01-11 15:33:04.720644
9767,2017-01-11 15:35:23.014802,2017-01-11 16:25:28.660975
3624,2017-01-11 16:24:58.297186,2017-01-11 17:19:28.096799
8675,2017-01-11 16:28:58.123482,2017-01-11 18:11:40.870004
7719,2017-01-11 17:36:48.215667, 
2850,2017-01-12 10:24:08.705993,2017-01-12 10:46:48.100706
2850,2017-01-12 10:47:27.993005, 
4857,2017-01-12 13:29:02.616255,2017-01-12 18:02:46.662361
8311,2017-01-12 13:29:16.830195,2017-01-12 18:00:46.179373
7081,2017-01-12 13:51:09.124796,2017-01-12 18:02:49.625337
0644,2017-01-12 15:02:35.986315,2017-01-12 17:11:33.955882
0321,2017-01-12 15:02:41.842772, 
6171,2017-01-12 15:02:57.098809,2017-01-12 16:02:21.175189
9645,2017-01-12 15:03:06.666171,2017-01-12 15:25:54.417551
4333,2017-01-12 15:03:09.688508,2017-01-12 17:33:57.740702
2974,2017-01-12 15:03:24.588327,2017-01-12 15:51:56.632994
2395,2017-01-12 15:03:30.609109,2017-01-12 17:34:01.304682
9102,2017-01-12 15:03:40.518368,2017-01-12 16:02:45.020485
8223,2017-01-12 15:03:42.266553,2017-01-12 18:02:43.968516
6099,2017-01-12 15:03:58.300543,2017-01-12 18:00:08.554644
6679,2017-01-12 15:04:19.995333,2017-01-12 16:53:24.635353
1269,2017-01-12 15:04:25.107974,2017-01-12 17:25:18.394012
0246,2017-01-12 15:04:30.982777,2017-01-12 16:12:58.941946
9333,2017-01-12 15:05:12.256156,2017-01-12 17:05:50.095409
0420,2017-01-12 15:05:19.891019,2017-01-12 16:17:20.827813
3624,2017-01-12 15:05:25.110268,2017-01-12 17:30:11.719716
6502,2017-01-12 15:06:22.433022,2017-01-12 17:28:57.764201
7196,2017-01-12 15:06:26.283668,2017-01-12 17:34:24.718369
3350,2017-01-12 15:06:28.021780,2017-01-12 18:01:38.844175
1344,2017-01-12 15:06:31.668341, 
3974,2017-01-12 15:06:40.327437,2017-01-12 17:58:50.394575
9815,2017-01-12 15:08:26.732977, 
3276,2017-01-12 15:15:15.675423,2017-01-12 17:56:33.261038
9824,2017-01-12 15:21:45.887693,2017-01-12 17:32:29.275321
2524,2017-01-12 15:36:42.134920,2017-01-12 17:12:25.392507
9002,2017-01-12 16:07:53.402357,2017-01-12 16:59:18.947108
1269,2017-01-12 17:25:21.371886,2017-01-12 18:00:54.402439
1269,2017-01-12 18:00:57.380955, 
3786,2017-01-13 04:48:15.517035, 
7081,2017-01-13 13:30:29.703606,2017-01-13 18:01:51.416273
8311,2017-01-13 13:30:33.980303,2017-01-13 17:41:24.593861
4857,2017-01-13 13:39:55.706657,2017-01-13 18:01:53.372589
0644,2017-01-13 15:02:01.843900,2017-01-13 16:45:16.260720
1635,2017-01-13 15:02:22.920087,2017-01-13 17:17:24.618888
6171,2017-01-13 15:02:41.341005,2017-01-13 17:03:53.970819
3350,2017-01-13 15:02:51.696442,2017-01-13 17:30:43.521929
3276,2017-01-13 15:03:04.468068,2017-01-13 17:31:39.897113
6099,2017-01-13 15:03:08.184531,2017-01-13 17:46:16.969963
8314,2017-01-13 15:03:12.847060, 
2395,2017-01-13 15:03:18.737827,2017-01-13 17:44:01.496572
9002,2017-01-13 15:03:22.587850,2017-01-13 17:53:25.688785
5954,2017-01-13 15:03:27.845054,2017-01-13 15:13:49.285613
8223,2017-01-13 15:03:30.697475,2017-01-13 17:36:38.051641
6679,2017-01-13 15:03:39.186475,2017-01-13 17:00:27.446454
9333,2017-01-13 15:03:45.593743,2017-01-13 17:05:22.444103
0246,2017-01-13 15:03:48.433743,2017-01-13 17:51:46.864478
9645,2017-01-13 15:03:56.268699,2017-01-13 17:30:44.653574
2184,2017-01-13 15:04:14.655013,2017-01-13 16:48:32.986196
4333,2017-01-13 15:04:17.683525,2017-01-13 17:44:51.531013
9815,2017-01-13 15:04:24.083824,2017-01-13 17:32:50.116170
8325,2017-01-13 15:04:29.981084, 
3624,2017-01-13 15:04:33.209371,2017-01-13 17:12:10.880858
3974,2017-01-13 15:04:47.471505, 
1198,2017-01-13 15:06:45.412648,2017-01-13 15:46:44.984191
1271,2017-01-13 15:06:47.677017,2017-01-13 15:45:45.904550
6502,2017-01-13 15:10:35.034203,2017-01-13 17:56:15.502951
4114,2017-01-13 15:14:01.938956,2017-01-13 17:09:32.100387
9259,2017-01-13 15:14:12.422382,2017-01-13 16:30:25.509863
3600,2017-01-13 15:14:18.209277,2017-01-13 15:45:49.895049
9824,2017-01-13 15:14:22.587155,2017-01-13 16:07:44.310421
3033,2017-01-13 15:14:38.537768,2017-01-13 17:53:23.924657
1269,2017-01-13 15:14:42.562267,2017-01-13 16:05:55.048335
2974,2017-01-13 15:14:44.446522,2017-01-13 16:57:20.266255
2297,2017-01-13 15:14:46.737334,2017-01-13 16:16:06.083114
8544,2017-01-13 15:15:06.577356,2017-01-13 18:00:52.141233
1344,2017-01-13 15:23:01.224602,2017-01-13 17:57:17.608940
8675,2017-01-13 15:31:46.110441,2017-01-13 17:40:52.732210
4187,2017-01-13 16:00:04.281157, 
1269,2017-01-13 16:05:58.686790,2017-01-13 16:06:02.491437
1269,2017-01-13 16:05:58.976954, 
1269,2017-01-13 16:06:06.667379,2017-01-13 18:00:40.409702
8144,2017-01-13 17:10:04.121716,2017-01-13 17:52:47.750227
1269,2017-01-13 18:00:42.919779, 
9452,2017-01-13 18:54:36.812379,2017-01-13 18:54:43.017266
9452,2017-01-13 18:55:52.370147,2017-01-13 18:56:09.954296
9452,2017-01-13 18:56:37.653879,2017-01-13 18:57:58.230194
9452,2017-01-13 18:58:23.797194,2017-01-13 18:59:59.229741
9452,2017-01-13 19:00:04.484414,2017-01-13 19:02:35.756017
9452,2017-01-13 19:03:21.989014,2017-01-13 19:13:54.825113
7081,2017-01-14 09:59:35.161236,2017-01-14 16:10:48.890420
1635,2017-01-14 09:59:38.675860,2017-01-14 15:37:52.791792
0246,2017-01-14 09:59:43.116269,2017-01-14 16:02:22.323722
2395,2017-01-14 09:59:46.956770,2017-01-14 16:02:30.470612
1269,2017-01-14 09:59:54.931822,2017-01-14 16:10:44.605841
3350,2017-01-14 10:00:32.046735,2017-01-14 16:09:56.529630
7196,2017-01-14 10:01:19.086736,2017-01-14 16:06:11.442899
8144,2017-01-14 10:01:39.755355,2017-01-14 16:09:19.333063
9333,2017-01-14 10:02:18.810386,2017-01-14 16:01:36.099807
7369,2017-01-14 10:02:31.501973, 
9815,2017-01-14 10:03:02.056018,2017-01-14 16:07:34.651569
6679,2017-01-14 10:04:01.685638,2017-01-14 15:41:09.355297
0644,2017-01-14 10:06:34.533218,2017-01-14 15:48:31.531441
9824,2017-01-14 10:18:18.186007,2017-01-14 16:11:25.894613
4857,2017-01-14 10:18:23.106681,2017-01-14 16:11:01.730062
4114,2017-01-14 10:18:36.312326,2017-01-14 15:58:30.520122
9645,2017-01-14 10:23:57.795811,2017-01-14 16:07:59.252653
8223,2017-01-14 10:24:28.399614,2017-01-14 16:10:54.687078
8675,2017-01-14 10:32:04.916545,2017-01-14 16:02:11.462332
8314,2017-01-14 10:40:44.889550,2017-01-14 16:07:50.691784
6099,2017-01-14 11:03:07.384372,2017-01-14 15:58:57.839505
1198,2017-01-14 12:39:32.877355,2017-01-14 14:50:46.357889
3974,2017-01-14 12:39:36.043226,2017-01-14 16:10:37.624895
8325,2017-01-14 13:05:52.725321, 
4333,2017-01-14 13:31:58.860712,2017-01-14 16:10:24.998780
8311,2017-01-14 14:50:52.477178,2017-01-14 16:02:03.981426
3276,2017-01-14 16:01:39.284216,2017-01-14 16:01:51.815001
3350,2017-01-16 09:57:03.047900,2017-01-16 15:14:06.870301
9333,2017-01-16 09:57:12.282991,2017-01-16 15:24:05.797339
0246,2017-01-16 09:57:56.036787,2017-01-16 16:14:14.622477
3624,2017-01-16 09:59:29.270559,2017-01-16 15:59:37.676984
8223,2017-01-16 09:59:38.931713,2017-01-16 16:00:02.412428
6679,2017-01-16 10:00:01.914775,2017-01-16 15:28:53.257317
9824,2017-01-16 10:00:24.435693,2017-01-16 11:38:09.952686
9815,2017-01-16 10:00:48.286877,2017-01-16 15:59:26.915611
2395,2017-01-16 10:02:26.534855, 
3276,2017-01-16 10:03:05.186370,2017-01-16 15:59:41.503689
8544,2017-01-16 10:06:28.344443,2017-01-16 14:44:48.983634
8311,2017-01-16 10:06:38.145962,2017-01-16 10:06:43.674770
8311,2017-01-16 10:06:47.817054,2017-01-16 16:14:18.135796
0644,2017-01-16 10:16:11.975559,2017-01-16 14:40:58.576801
1269,2017-01-16 10:16:18.856468,2017-01-16 16:15:17.153707
8314,2017-01-16 10:23:43.703401,2017-01-16 13:15:31.072134
8325,2017-01-16 10:28:02.000464, 
6099,2017-01-16 10:37:26.922331,2017-01-16 15:55:54.106069
1344,2017-01-16 11:23:25.181145,2017-01-16 16:14:20.152023
9645,2017-01-16 14:59:01.122998,2017-01-16 15:14:16.697399
8314,2017-01-16 15:17:31.365165,2017-01-16 15:59:30.313574
4857,2017-01-17 13:28:42.823519, 
8311,2017-01-17 13:39:42.156824,2017-01-17 14:52:42.218036
6099,2017-01-19 15:26:44.465782,2017-01-19 16:20:53.710795
3033,2017-01-19 15:27:05.290417,2017-01-19 15:35:25.768901
6502,2017-01-19 15:27:14.919810,2017-01-19 15:46:24.065784
9333,2017-01-19 15:27:19.880608,2017-01-19 17:01:31.453299
0644,2017-01-19 15:27:27.855235,2017-01-19 16:51:09.243821
3276,2017-01-19 15:27:51.362468,2017-01-19 17:26:26.633000
8311,2017-01-19 15:28:10.009982,2017-01-19 17:28:26.392201
7006,2017-01-19 15:28:41.548808,2017-01-19 15:28:46.925579
7006,2017-01-19 15:28:49.769888, 
9815,2017-01-19 15:29:01.285332,2017-01-19 17:30:06.293104
9824,2017-01-19 15:43:59.375090,2017-01-19 17:29:05.557409
9102,2017-01-19 15:44:14.196236, 
6099,2017-01-19 16:20:53.710795,2017-01-19 16:20:56.673185
8311,2017-01-19 17:29:06.823508,2017-01-19 17:29:12.190987
8311,2017-01-19 17:29:17.431804,2017-01-19 17:29:21.930245
0213,2017-01-19 17:30:23.153200, 
7081,2017-01-20 13:27:14.376102, 
4857,2017-01-20 14:52:34.740828, 
8311,2017-01-20 14:52:43.449974,2017-01-20 15:14:54.991168
8314,2017-01-20 14:53:23.265054, 
3350,2017-01-20 15:14:33.831666, 
8223,2017-01-20 15:14:45.054431, 
6679,2017-01-20 15:14:48.728810, 
2395,2017-01-20 15:14:50.946697, 
0246,2017-01-20 15:14:52.829480, 
3624,2017-01-20 15:14:53.801159, 
8311,2017-01-20 15:14:56.697929, 
3276,2017-01-20 15:15:02.476499, 
6099,2017-01-20 15:15:09.443027, 
2184,2017-01-20 15:15:15.930403, 
9645,2017-01-20 15:15:19.388984, 
5954,2017-01-20 15:15:20.894962, 
3600,2017-01-20 15:15:22.299289, 
9824,2017-01-20 15:15:23.465312, 
9333,2017-01-20 15:15:25.463122, 
6171,2017-01-20 15:15:33.198890, 
2399,2017-01-20 15:15:34.626283, 
2047,2017-01-20 15:15:37.101138, 
2618,2017-01-20 15:15:48.532528, 
1198,2017-01-20 15:15:55.639583, 
1271,2017-01-20 15:15:56.881564, 
3974,2017-01-20 15:15:58.143291, 
4333,2017-01-20 15:15:59.837515, 
3033,2017-01-20 15:16:00.783640, 
8144,2017-01-20 15:16:12.855739, 
9815,2017-01-20 15:16:15.631964, 
